id,path,title,item_type,mime_type,size_bytes,modified_time,parent_id,url,inspection_status
"1nllzQ1SskJYKo1Qj5uviGaz1fkySjR2y","/2026/Assessment Information","Assessment Information","folder","application/vnd.google-apps.folder","","2026-01-28T00:15:50.719Z","1J3WBZpddqQRSbtAyL3Xyu-tqAvhCLjjE","https://drive.google.com/drive/folders/1nllzQ1SskJYKo1Qj5uviGaz1fkySjR2y","listed"
"1j1KlnSlMf32sB-YXbE1dtkzhQ0iYI1w0","/2026/Assessment Information/Assessment Notifications","Assessment Notifications","folder","application/vnd.google-apps.folder","","2026-01-28T00:16:19.036Z","1nllzQ1SskJYKo1Qj5uviGaz1fkySjR2y","https://drive.google.com/drive/folders/1j1KlnSlMf32sB-YXbE1dtkzhQ0iYI1w0","listed"
"14Iqyd7r58sLm9w7c-RATEodDH85JN23voWexVanq2iw","/2026/Assessment Information/Assessment Notifications/2026 Assessment Notification. Task 1 - Topic Test ","2026 Assessment Notification. Task 1 - Topic Test ","file","application/vnd.google-apps.document","10586","2026-01-28T00:39:16.799Z","1j1KlnSlMf32sB-YXbE1dtkzhQ0iYI1w0","https://docs.google.com/document/d/14Iqyd7r58sLm9w7c-RATEodDH85JN23voWexVanq2iw/edit?usp=drivesdk","content_read"
"1IsatA40afNH9qgy6AvuQevEdf7WH_NYPuRT0fB2xTlo","/2026/Assessment Information/Assessment Notifications/2026 Assessment Notification. Task 2 - Plant Collection + Research Task","2026 Assessment Notification. Task 2 - Plant Collection + Research Task","file","application/vnd.google-apps.document","10802","2026-01-28T00:40:09.645Z","1j1KlnSlMf32sB-YXbE1dtkzhQ0iYI1w0","https://docs.google.com/document/d/1IsatA40afNH9qgy6AvuQevEdf7WH_NYPuRT0fB2xTlo/edit?usp=drivesdk","content_read"
"1JxxXu0CiWvPGCUdtl7YUK5JrQLgw5k_COsVPJU3YBAk","/2026/Assessment Information/Assessment Notifications/2026 Assessment Notification. Task 3 - Prime Lamb Production Report + Handling Skills","2026 Assessment Notification. Task 3 - Prime Lamb Production Report + Handling Skills","file","application/vnd.google-apps.document","11080","2026-01-28T00:40:45.792Z","1j1KlnSlMf32sB-YXbE1dtkzhQ0iYI1w0","https://docs.google.com/document/d/1JxxXu0CiWvPGCUdtl7YUK5JrQLgw5k_COsVPJU3YBAk/edit?usp=drivesdk","content_read"
"1N5yWwZaQS8wtfPPbl2EFzo6-BQZDIF5rSo7A9Nlho_g","/2026/Assessment Information/Assessment Notifications/Assessment Task 1 Notification","Assessment Task 1 Notification","file","application/vnd.google-apps.form","1024","2026-01-28T00:34:58.668Z","1j1KlnSlMf32sB-YXbE1dtkzhQ0iYI1w0","https://docs.google.com/forms/d/1N5yWwZaQS8wtfPPbl2EFzo6-BQZDIF5rSo7A9Nlho_g/edit?usp=drivesdk","content_read_in_browser"
"1WZxufYCI3czWo_PeVm8Cb_gYQvoZaeFjpYKtmw2JAHM","/2026/Assessment Information/Assessment Notifications/Assessment Task 2 Notification","Assessment Task 2 Notification","file","application/vnd.google-apps.form","1024","2026-01-28T00:31:53.769Z","1j1KlnSlMf32sB-YXbE1dtkzhQ0iYI1w0","https://docs.google.com/forms/d/1WZxufYCI3czWo_PeVm8Cb_gYQvoZaeFjpYKtmw2JAHM/edit?usp=drivesdk","content_read_in_browser"
"1pNeZ1EiDtppDjjfQ-dANCmOY7xTgL0qwI1-Y1vfwntY","/2026/Assessment Information/Assessment Notifications/Assessment Task 3 Notification","Assessment Task 3 Notification","file","application/vnd.google-apps.form","1024","2026-01-28T00:35:11.163Z","1j1KlnSlMf32sB-YXbE1dtkzhQ0iYI1w0","https://docs.google.com/forms/d/1pNeZ1EiDtppDjjfQ-dANCmOY7xTgL0qwI1-Y1vfwntY/edit?usp=drivesdk","content_read_in_browser"
"1N1Gy769_oMn6n9ZHgQoWI84SHKUzGpal","/2026/Assessment Information/Assessment Tasks","Assessment Tasks","folder","application/vnd.google-apps.folder","","2026-01-28T00:16:25.948Z","1nllzQ1SskJYKo1Qj5uviGaz1fkySjR2y","https://drive.google.com/drive/folders/1N1Gy769_oMn6n9ZHgQoWI84SHKUzGpal","listed"
"1W_VYMNQNb_ep5LqKlHthyPOwSp92EL9l","/2026/Assessment Information/Assessment Tasks/Assessment Task 1 - Topic Test","Assessment Task 1 - Topic Test","folder","application/vnd.google-apps.folder","","2026-01-28T00:42:48.556Z","1N1Gy769_oMn6n9ZHgQoWI84SHKUzGpal","https://drive.google.com/drive/folders/1W_VYMNQNb_ep5LqKlHthyPOwSp92EL9l","listed"
"CONTROLLED-ASSESSMENT-1","/2026/[controlled Task 1 assessment material omitted from public release]","Controlled assessment material inspected; title and identifier not published","file","controlled","","","","","content_read_not_published"
"CONTROLLED-ASSESSMENT-2","/2026/[controlled Task 1 assessment material omitted from public release]","Controlled assessment material inspected; title and identifier not published","file","controlled","","","","","content_read_not_published"
"1N08y3KIAx2QtC1oBuf9nYcgi6HuTzsFb","/2026/Assessment Information/Assessment Tasks/Assessment Task 1 - Topic Test/Topic Test Revision.docx","Topic Test Revision.docx","file","application/vnd.openxmlformats-officedocument.wordprocessingml.document","9391","2026-01-28T00:44:30.000Z","1W_VYMNQNb_ep5LqKlHthyPOwSp92EL9l","https://docs.google.com/document/d/1N08y3KIAx2QtC1oBuf9nYcgi6HuTzsFb/edit?usp=drivesdk&ouid=104901315096849762076&rtpof=true&sd=true","content_read"
"1HTjlYLNQ7YYVsXqdUuyd44WxafSz7GFK","/2026/Assessment Information/Assessment Tasks/Assessment Task 1 - Topic Test/Topic Test Revision.pptx","Topic Test Revision.pptx","file","application/vnd.openxmlformats-officedocument.presentationml.presentation","403167","2026-01-28T00:44:28.000Z","1W_VYMNQNb_ep5LqKlHthyPOwSp92EL9l","https://docs.google.com/presentation/d/1HTjlYLNQ7YYVsXqdUuyd44WxafSz7GFK/edit?usp=drivesdk&ouid=104901315096849762076&rtpof=true&sd=true","content_read"
"1GZS5jDFLAFwhYtZIUegpD44vvyRwzGkm","/2026/Assessment Information/Assessment Tasks/Assessment Task 2 - Plant Collection + Research Task","Assessment Task 2 - Plant Collection + Research Task","folder","application/vnd.google-apps.folder","","2026-01-28T00:42:55.301Z","1N1Gy769_oMn6n9ZHgQoWI84SHKUzGpal","https://drive.google.com/drive/folders/1GZS5jDFLAFwhYtZIUegpD44vvyRwzGkm","listed"
"1JJ0pcX6GZkOTMhfED2SfyCZTmeD9dCdG","/2026/Assessment Information/Assessment Tasks/Assessment Task 2 - Plant Collection + Research Task/2026 Assessment Task 2 - Plant Collection + Research Task.docx","2026 Assessment Task 2 - Plant Collection + Research Task.docx","file","application/vnd.openxmlformats-officedocument.wordprocessingml.document","24015","2026-01-28T00:53:31.000Z","1GZS5jDFLAFwhYtZIUegpD44vvyRwzGkm","https://docs.google.com/document/d/1JJ0pcX6GZkOTMhfED2SfyCZTmeD9dCdG/edit?usp=drivesdk&ouid=104901315096849762076&rtpof=true&sd=true","content_read"
"1i4IpjFmHjjdgLN4vZ-fOkHbLbkHDhoYm","/2026/Assessment Information/Assessment Tasks/Assessment Task 2 - Plant Collection + Research Task/Assessment Task 2 - Plant Collection + Research Task REPORT.docx","Assessment Task 2 - Plant Collection + Research Task REPORT.docx","file","application/vnd.openxmlformats-officedocument.wordprocessingml.document","15186","2026-01-28T00:53:33.000Z","1GZS5jDFLAFwhYtZIUegpD44vvyRwzGkm","https://docs.google.com/document/d/1i4IpjFmHjjdgLN4vZ-fOkHbLbkHDhoYm/edit?usp=drivesdk&ouid=104901315096849762076&rtpof=true&sd=true","content_read"
"1x2hC7XSPgdY_SvLz_4JhT53jP7UDQnxb","/2026/Assessment Information/Assessment Tasks/Assessment Task 3 - Prime Lamb Production Report + Handling Skills","Assessment Task 3 - Prime Lamb Production Report + Handling Skills","folder","application/vnd.google-apps.folder","","2026-01-28T00:43:02.036Z","1N1Gy769_oMn6n9ZHgQoWI84SHKUzGpal","https://drive.google.com/drive/folders/1x2hC7XSPgdY_SvLz_4JhT53jP7UDQnxb","listed"
"1lgOjUr215X82ofccOmVqt66KpabLSQQF","/2026/Assessment Information/Assessment Tasks/Assessment Task 3 - Prime Lamb Production Report + Handling Skills/2026 Assessment Task 3 - Prime Lamb Production Report + Handling Skills.docx","2026 Assessment Task 3 - Prime Lamb Production Report + Handling Skills.docx","file","application/vnd.openxmlformats-officedocument.wordprocessingml.document","26971","2026-01-28T00:57:25.000Z","1x2hC7XSPgdY_SvLz_4JhT53jP7UDQnxb","https://docs.google.com/document/d/1lgOjUr215X82ofccOmVqt66KpabLSQQF/edit?usp=drivesdk&ouid=104901315096849762076&rtpof=true&sd=true","content_read"
"1rh8Tedl_c2XQ3-aw0KqpOBCWfmmqef-w","/2026/Assessment Information/Assessment Tasks/Assessment Task 3 - Prime Lamb Production Report + Handling Skills/2026 Assessment Task 3 - Prime Lamb Production Report.docx","2026 Assessment Task 3 - Prime Lamb Production Report.docx","file","application/vnd.openxmlformats-officedocument.wordprocessingml.document","19679","2026-01-28T00:57:24.000Z","1x2hC7XSPgdY_SvLz_4JhT53jP7UDQnxb","https://docs.google.com/document/d/1rh8Tedl_c2XQ3-aw0KqpOBCWfmmqef-w/edit?usp=drivesdk&ouid=104901315096849762076&rtpof=true&sd=true","content_read"
"1VNp-zwye57G5lHTWmuCELbzUnZWb80U3-Sl4OKU_gw0","/2026/Assessment Information/Year 10 Assessment Schedule 2026","Year 10 Assessment Schedule 2026","file","application/vnd.google-apps.document","11555","2026-01-28T00:23:00.141Z","1nllzQ1SskJYKo1Qj5uviGaz1fkySjR2y","https://docs.google.com/document/d/1VNp-zwye57G5lHTWmuCELbzUnZWb80U3-Sl4OKU_gw0/edit?usp=drivesdk","content_read"
"1jpZY3Mw36FdCHmQvwpwXPMqyl-MnPRn93RsoYbEQVyo","/2026/Assessment Information/Year 10 Scope & Sequence 2026","Year 10 Scope & Sequence 2026","file","application/vnd.google-apps.document","3628","2026-01-28T00:21:52.007Z","1nllzQ1SskJYKo1Qj5uviGaz1fkySjR2y","https://docs.google.com/document/d/1jpZY3Mw36FdCHmQvwpwXPMqyl-MnPRn93RsoYbEQVyo/edit?usp=drivesdk","content_read"
"1fsDGq71FrHfnko_g3rlhUjQL4-1Y1EVn","/2026/Teaching and Learning Programs","Teaching and Learning Programs","folder","application/vnd.google-apps.folder","","2026-01-28T00:16:00.008Z","1J3WBZpddqQRSbtAyL3Xyu-tqAvhCLjjE","https://drive.google.com/drive/folders/1fsDGq71FrHfnko_g3rlhUjQL4-1Y1EVn","listed"
"1ewez6nVoE5wAIltXtFAnDKmLP-LimWh6","/2026/Teaching and Learning Programs/1. Agricultural Systems & Management","1. Agricultural Systems & Management","folder","application/vnd.google-apps.folder","","2026-01-28T00:58:22.570Z","1fsDGq71FrHfnko_g3rlhUjQL4-1Y1EVn","https://drive.google.com/drive/folders/1ewez6nVoE5wAIltXtFAnDKmLP-LimWh6","listed"
"15QlW1O-oMGOPgieybM8A2YMJ4I9GyDDvBCMkwLMVQaY","/2026/Teaching and Learning Programs/1. Agricultural Systems & Management/🧠 YEAR 10 AGRICULTURE – TOPIC TEST SUMMARY","🧠 YEAR 10 AGRICULTURE – TOPIC TEST SUMMARY","file","application/vnd.google-apps.document","12727","2026-03-25T21:31:39.085Z","1ewez6nVoE5wAIltXtFAnDKmLP-LimWh6","https://docs.google.com/document/d/15QlW1O-oMGOPgieybM8A2YMJ4I9GyDDvBCMkwLMVQaY/edit?usp=drivesdk","content_read"
"1h_fQ2AVVYzK7OEgurvgoq_Mudoq9EpS4","/2026/Teaching and Learning Programs/1. Agricultural Systems & Management/0.1 Agricultural Systems & Management Program.docx","0.1 Agricultural Systems & Management Program.docx","file","application/vnd.openxmlformats-officedocument.wordprocessingml.document","25761","2026-01-28T01:02:16.000Z","1ewez6nVoE5wAIltXtFAnDKmLP-LimWh6","https://docs.google.com/document/d/1h_fQ2AVVYzK7OEgurvgoq_Mudoq9EpS4/edit?usp=drivesdk&ouid=104901315096849762076&rtpof=true&sd=true","content_read"
"1HJVdakqjosVGqXNZV5cPJmYIxotMhfFy","/2026/Teaching and Learning Programs/1. Agricultural Systems & Management/1.1 Agriculture in Australia.pptx","1.1 Agriculture in Australia.pptx","file","application/vnd.openxmlformats-officedocument.presentationml.presentation","2397165","2026-01-28T01:02:27.000Z","1ewez6nVoE5wAIltXtFAnDKmLP-LimWh6","https://docs.google.com/presentation/d/1HJVdakqjosVGqXNZV5cPJmYIxotMhfFy/edit?usp=drivesdk&ouid=104901315096849762076&rtpof=true&sd=true","content_read"
"1S5R-ey62D8Rfnwpy1noCeKAa6ggUPPGz","/2026/Teaching and Learning Programs/1. Agricultural Systems & Management/1.2 Agriculture in Australia.docx","1.2 Agriculture in Australia.docx","file","application/vnd.openxmlformats-officedocument.wordprocessingml.document","1933941","2026-01-28T01:02:29.000Z","1ewez6nVoE5wAIltXtFAnDKmLP-LimWh6","https://docs.google.com/document/d/1S5R-ey62D8Rfnwpy1noCeKAa6ggUPPGz/edit?usp=drivesdk&ouid=104901315096849762076&rtpof=true&sd=true","content_read"
"1MckecY4JPlnN16_p4gbWnxxNhCPMcgvx","/2026/Teaching and Learning Programs/1. Agricultural Systems & Management/1.3 Group Research Activity.pptx","1.3 Group Research Activity.pptx","file","application/vnd.openxmlformats-officedocument.presentationml.presentation","34692","2026-01-28T01:02:31.000Z","1ewez6nVoE5wAIltXtFAnDKmLP-LimWh6","https://docs.google.com/presentation/d/1MckecY4JPlnN16_p4gbWnxxNhCPMcgvx/edit?usp=drivesdk&ouid=104901315096849762076&rtpof=true&sd=true","content_read"
"11t9DIFsoIBTokrmn9iR98Pl4vJpcUS-O","/2026/Teaching and Learning Programs/1. Agricultural Systems & Management/2.1 Interesting Industries.pptx","2.1 Interesting Industries.pptx","file","application/vnd.openxmlformats-officedocument.presentationml.presentation","4940541","2026-01-28T01:02:35.000Z","1ewez6nVoE5wAIltXtFAnDKmLP-LimWh6","https://docs.google.com/presentation/d/11t9DIFsoIBTokrmn9iR98Pl4vJpcUS-O/edit?usp=drivesdk&ouid=104901315096849762076&rtpof=true&sd=true","content_read"
"1AWchXQIDbyc0vR3AxgRVAeq5m0peYASD","/2026/Teaching and Learning Programs/1. Agricultural Systems & Management/2.2 Interesting Industries .docx","2.2 Interesting Industries .docx","file","application/vnd.openxmlformats-officedocument.wordprocessingml.document","6541448","2026-01-28T01:02:37.000Z","1ewez6nVoE5wAIltXtFAnDKmLP-LimWh6","https://docs.google.com/document/d/1AWchXQIDbyc0vR3AxgRVAeq5m0peYASD/edit?usp=drivesdk&ouid=104901315096849762076&rtpof=true&sd=true","content_read"
"1SV8KDBG-fX3OGGb-MbxYM9bIMZammZwG","/2026/Teaching and Learning Programs/1. Agricultural Systems & Management/3.1 Beneficial & Harmful Microorganisms and Invertebrates.pptx","3.1 Beneficial & Harmful Microorganisms and Invertebrates.pptx","file","application/vnd.openxmlformats-officedocument.presentationml.presentation","11341020","2026-01-28T01:02:40.000Z","1ewez6nVoE5wAIltXtFAnDKmLP-LimWh6","https://docs.google.com/presentation/d/1SV8KDBG-fX3OGGb-MbxYM9bIMZammZwG/edit?usp=drivesdk&ouid=104901315096849762076&rtpof=true&sd=true","content_read"
"1XuXJv7f-R3TB4PvCc2pBKs2bUdqnlkap","/2026/Teaching and Learning Programs/1. Agricultural Systems & Management/3.2 Beneficial & Harmful Microorganisms and Invertebrates.docx","3.2 Beneficial & Harmful Microorganisms and Invertebrates.docx","file","application/vnd.openxmlformats-officedocument.wordprocessingml.document","1932014","2026-01-28T01:02:41.000Z","1ewez6nVoE5wAIltXtFAnDKmLP-LimWh6","https://docs.google.com/document/d/1XuXJv7f-R3TB4PvCc2pBKs2bUdqnlkap/edit?usp=drivesdk&ouid=104901315096849762076&rtpof=true&sd=true","content_read"
"1Bz29aiuiUJqb4PLdHLyE6x_2UW0D9ZaI","/2026/Teaching and Learning Programs/1. Agricultural Systems & Management/4.1 Integrated Pest Management.pptx","4.1 Integrated Pest Management.pptx","file","application/vnd.openxmlformats-officedocument.presentationml.presentation","3886926","2026-01-28T01:02:44.000Z","1ewez6nVoE5wAIltXtFAnDKmLP-LimWh6","https://docs.google.com/presentation/d/1Bz29aiuiUJqb4PLdHLyE6x_2UW0D9ZaI/edit?usp=drivesdk&ouid=104901315096849762076&rtpof=true&sd=true","content_read"
"1bstuDNaWWr01BUhKIiTLDh4m3_mkF-Hp","/2026/Teaching and Learning Programs/1. Agricultural Systems & Management/4.2 Integrated Pest Management.docx","4.2 Integrated Pest Management.docx","file","application/vnd.openxmlformats-officedocument.wordprocessingml.document","1933077","2026-01-28T01:02:46.000Z","1ewez6nVoE5wAIltXtFAnDKmLP-LimWh6","https://docs.google.com/document/d/1bstuDNaWWr01BUhKIiTLDh4m3_mkF-Hp/edit?usp=drivesdk&ouid=104901315096849762076&rtpof=true&sd=true","content_read"
"1dcClwWaj-H88jjd3XpTkpCHNCJa1f0cc","/2026/Teaching and Learning Programs/1. Agricultural Systems & Management/5.1 Livestock & Data Trends.pptx","5.1 Livestock & Data Trends.pptx","file","application/vnd.openxmlformats-officedocument.presentationml.presentation","5279615","2026-01-28T01:02:50.000Z","1ewez6nVoE5wAIltXtFAnDKmLP-LimWh6","https://docs.google.com/presentation/d/1dcClwWaj-H88jjd3XpTkpCHNCJa1f0cc/edit?usp=drivesdk&ouid=104901315096849762076&rtpof=true&sd=true","content_read"
"1gPy7Vo9EsqfAvgCd47JI42r5MDQIq4Hk","/2026/Teaching and Learning Programs/1. Agricultural Systems & Management/5.2 Livestock & Data Trends.docx","5.2 Livestock & Data Trends.docx","file","application/vnd.openxmlformats-officedocument.wordprocessingml.document","1936946","2026-01-28T01:02:52.000Z","1ewez6nVoE5wAIltXtFAnDKmLP-LimWh6","https://docs.google.com/document/d/1gPy7Vo9EsqfAvgCd47JI42r5MDQIq4Hk/edit?usp=drivesdk&ouid=104901315096849762076&rtpof=true&sd=true","content_read"
"1ZyiWpiiG62KwjpAJPdYLLzdw5djbnlAA","/2026/Teaching and Learning Programs/1. Agricultural Systems & Management/5.3 Graph Printout.docx","5.3 Graph Printout.docx","file","application/vnd.openxmlformats-officedocument.wordprocessingml.document","1933271","2026-01-28T01:02:54.000Z","1ewez6nVoE5wAIltXtFAnDKmLP-LimWh6","https://docs.google.com/document/d/1ZyiWpiiG62KwjpAJPdYLLzdw5djbnlAA/edit?usp=drivesdk&ouid=104901315096849762076&rtpof=true&sd=true","content_read"
"1RrPPtQw_xtzggf9u9moTDKOoOSEdGZ0t","/2026/Teaching and Learning Programs/1. Agricultural Systems & Management/6.1 Marketing Strategies.pptx","6.1 Marketing Strategies.pptx","file","application/vnd.openxmlformats-officedocument.presentationml.presentation","2409531","2026-01-28T01:02:59.000Z","1ewez6nVoE5wAIltXtFAnDKmLP-LimWh6","https://docs.google.com/presentation/d/1RrPPtQw_xtzggf9u9moTDKOoOSEdGZ0t/edit?usp=drivesdk&ouid=104901315096849762076&rtpof=true&sd=true","content_read"
"1fSiT411wamBgmJGdbtuTU7CVtMzzyQzH","/2026/Teaching and Learning Programs/1. Agricultural Systems & Management/6.2 Marketing Strategies.docx","6.2 Marketing Strategies.docx","file","application/vnd.openxmlformats-officedocument.wordprocessingml.document","1932260","2026-01-28T01:03:01.000Z","1ewez6nVoE5wAIltXtFAnDKmLP-LimWh6","https://docs.google.com/document/d/1fSiT411wamBgmJGdbtuTU7CVtMzzyQzH/edit?usp=drivesdk&ouid=104901315096849762076&rtpof=true&sd=true","content_read"
"1BVrV2xjER_lrFB75lXR073TfKnMCTKui","/2026/Teaching and Learning Programs/1. Agricultural Systems & Management/7.1 Marketing Survey.pptx","7.1 Marketing Survey.pptx","file","application/vnd.openxmlformats-officedocument.presentationml.presentation","2381743","2026-01-28T01:03:03.000Z","1ewez6nVoE5wAIltXtFAnDKmLP-LimWh6","https://docs.google.com/presentation/d/1BVrV2xjER_lrFB75lXR073TfKnMCTKui/edit?usp=drivesdk&ouid=104901315096849762076&rtpof=true&sd=true","content_read"
"1U9X7F-WJRph39ARnLg7_GZP3hARx9ayB","/2026/Teaching and Learning Programs/1. Agricultural Systems & Management/7.2 Marketing Survey.docx","7.2 Marketing Survey.docx","file","application/vnd.openxmlformats-officedocument.wordprocessingml.document","1931188","2026-01-28T01:03:05.000Z","1ewez6nVoE5wAIltXtFAnDKmLP-LimWh6","https://docs.google.com/document/d/1U9X7F-WJRph39ARnLg7_GZP3hARx9ayB/edit?usp=drivesdk&ouid=104901315096849762076&rtpof=true&sd=true","content_read"
"1xqbsTpfZ-Fc3R57_w7ZS-SO8JMxvNKCh","/2026/Teaching and Learning Programs/1. Agricultural Systems & Management/8.1 Value-Adding in Agriculture.pptx","8.1 Value-Adding in Agriculture.pptx","file","application/vnd.openxmlformats-officedocument.presentationml.presentation","3671808","2026-01-28T01:03:21.000Z","1ewez6nVoE5wAIltXtFAnDKmLP-LimWh6","https://docs.google.com/presentation/d/1xqbsTpfZ-Fc3R57_w7ZS-SO8JMxvNKCh/edit?usp=drivesdk&ouid=104901315096849762076&rtpof=true&sd=true","content_read"
"1P4A1IRCag7X2YQEe1G9Kow8WB3OklGeT","/2026/Teaching and Learning Programs/1. Agricultural Systems & Management/8.2 Value-Adding in Agriculture.docx","8.2 Value-Adding in Agriculture.docx","file","application/vnd.openxmlformats-officedocument.wordprocessingml.document","1934486","2026-01-28T01:03:22.000Z","1ewez6nVoE5wAIltXtFAnDKmLP-LimWh6","https://docs.google.com/document/d/1P4A1IRCag7X2YQEe1G9Kow8WB3OklGeT/edit?usp=drivesdk&ouid=104901315096849762076&rtpof=true&sd=true","content_read"
"1sVK1R2dcbh9KQJc1p0D6J9mMY3HECpf7","/2026/Teaching and Learning Programs/1. Agricultural Systems & Management/9.1 Alternative Production Systems.pptx","9.1 Alternative Production Systems.pptx","file","application/vnd.openxmlformats-officedocument.presentationml.presentation","3806241","2026-01-28T01:03:24.000Z","1ewez6nVoE5wAIltXtFAnDKmLP-LimWh6","https://docs.google.com/presentation/d/1sVK1R2dcbh9KQJc1p0D6J9mMY3HECpf7/edit?usp=drivesdk&ouid=104901315096849762076&rtpof=true&sd=true","content_read"
"15iq3A7Wlkgz-6188T-ihlFMP2RSUDAmk","/2026/Teaching and Learning Programs/1. Agricultural Systems & Management/9.2 Alternative Production Systems.docx","9.2 Alternative Production Systems.docx","file","application/vnd.openxmlformats-officedocument.wordprocessingml.document","1934364","2026-01-28T01:03:28.000Z","1ewez6nVoE5wAIltXtFAnDKmLP-LimWh6","https://docs.google.com/document/d/15iq3A7Wlkgz-6188T-ihlFMP2RSUDAmk/edit?usp=drivesdk&ouid=104901315096849762076&rtpof=true&sd=true","content_read"
"1luwUV9ltRyALgIaUKaLYALqvKkOO_kzK","/2026/Teaching and Learning Programs/2. Pastures & Cropping","2. Pastures & Cropping","folder","application/vnd.google-apps.folder","","2026-01-28T00:58:38.697Z","1fsDGq71FrHfnko_g3rlhUjQL4-1Y1EVn","https://drive.google.com/drive/folders/1luwUV9ltRyALgIaUKaLYALqvKkOO_kzK","listed"
"1g-7si41MpG-Sd9rfbuiSTU7eJkr4pyU4","/2026/Teaching and Learning Programs/2. Pastures & Cropping/0.1 Pastures and Cropping Program.docx","0.1 Pastures and Cropping Program.docx","file","application/vnd.openxmlformats-officedocument.wordprocessingml.document","24765","2026-01-28T01:05:44.000Z","1luwUV9ltRyALgIaUKaLYALqvKkOO_kzK","https://docs.google.com/document/d/1g-7si41MpG-Sd9rfbuiSTU7eJkr4pyU4/edit?usp=drivesdk&ouid=104901315096849762076&rtpof=true&sd=true","content_read"
"1trWtXtv4Z2oW6yevYaYZK4GFFcGv69rG","/2026/Teaching and Learning Programs/2. Pastures & Cropping/1.1 Plant Anatomy & Pasture and Crop Performance.pptx","1.1 Plant Anatomy & Pasture and Crop Performance.pptx","file","application/vnd.openxmlformats-officedocument.presentationml.presentation","8437406","2026-01-28T01:05:50.000Z","1luwUV9ltRyALgIaUKaLYALqvKkOO_kzK","https://docs.google.com/presentation/d/1trWtXtv4Z2oW6yevYaYZK4GFFcGv69rG/edit?usp=drivesdk&ouid=104901315096849762076&rtpof=true&sd=true","content_read"
"1rFMdj-mhvIL9I5uLMVS1kddUhEUyBed0","/2026/Teaching and Learning Programs/2. Pastures & Cropping/1.2 Plant Anatomy & Pasture and Crop Performance.docx","1.2 Plant Anatomy & Pasture and Crop Performance.docx","file","application/vnd.openxmlformats-officedocument.wordprocessingml.document","1801128","2026-01-28T01:05:51.000Z","1luwUV9ltRyALgIaUKaLYALqvKkOO_kzK","https://docs.google.com/document/d/1rFMdj-mhvIL9I5uLMVS1kddUhEUyBed0/edit?usp=drivesdk&ouid=104901315096849762076&rtpof=true&sd=true","content_read"
"CONTROLLED-ANSWER-1","/2026/[controlled answer material omitted from public release]","Controlled answer material inspected; title and identifier not published","file","controlled","","","","","content_read_not_published"
"1N66_iVcu1SINzWXUh_tzD1sLAeXW_Hta","/2026/Teaching and Learning Programs/2. Pastures & Cropping/10.1 Evaluation & Careers.pptx","10.1 Evaluation & Careers.pptx","file","application/vnd.openxmlformats-officedocument.presentationml.presentation","9205519","2026-01-28T01:07:00.000Z","1luwUV9ltRyALgIaUKaLYALqvKkOO_kzK","https://docs.google.com/presentation/d/1N66_iVcu1SINzWXUh_tzD1sLAeXW_Hta/edit?usp=drivesdk&ouid=104901315096849762076&rtpof=true&sd=true","content_read"
"1sEPZjEZYMrxomZgbPuuhMZKX1dyfN9tF","/2026/Teaching and Learning Programs/2. Pastures & Cropping/10.2 Evaluation & Careers.docx","10.2 Evaluation & Careers.docx","file","application/vnd.openxmlformats-officedocument.wordprocessingml.document","1800646","2026-01-28T01:07:13.000Z","1luwUV9ltRyALgIaUKaLYALqvKkOO_kzK","https://docs.google.com/document/d/1sEPZjEZYMrxomZgbPuuhMZKX1dyfN9tF/edit?usp=drivesdk&ouid=104901315096849762076&rtpof=true&sd=true","content_read"
"10KaKCdYjfjr9iCfrhIpwZAkXAMnrtGl6","/2026/Teaching and Learning Programs/2. Pastures & Cropping/2.1 Identifying Agricultural Plants.pptx","2.1 Identifying Agricultural Plants.pptx","file","application/vnd.openxmlformats-officedocument.presentationml.presentation","7738867","2026-01-28T01:06:02.000Z","1luwUV9ltRyALgIaUKaLYALqvKkOO_kzK","https://docs.google.com/presentation/d/10KaKCdYjfjr9iCfrhIpwZAkXAMnrtGl6/edit?usp=drivesdk&ouid=104901315096849762076&rtpof=true&sd=true","content_read"
"1Mf4Xem3XSlo3b1wYiz9vL3ZdkKCvrGVh","/2026/Teaching and Learning Programs/2. Pastures & Cropping/2.2 Identifying Agricultural Plants.docx","2.2 Identifying Agricultural Plants.docx","file","application/vnd.openxmlformats-officedocument.wordprocessingml.document","2086148","2026-01-28T01:06:04.000Z","1luwUV9ltRyALgIaUKaLYALqvKkOO_kzK","https://docs.google.com/document/d/1Mf4Xem3XSlo3b1wYiz9vL3ZdkKCvrGVh/edit?usp=drivesdk&ouid=104901315096849762076&rtpof=true&sd=true","content_read"
"18MowaVhlRavxoJOfbGZS-pOg9OvfHWr9","/2026/Teaching and Learning Programs/2. Pastures & Cropping/3.1 Soil Health and Management in Pastures and Crops.pptx","3.1 Soil Health and Management in Pastures and Crops.pptx","file","application/vnd.openxmlformats-officedocument.presentationml.presentation","14741295","2026-01-28T01:06:08.000Z","1luwUV9ltRyALgIaUKaLYALqvKkOO_kzK","https://docs.google.com/presentation/d/18MowaVhlRavxoJOfbGZS-pOg9OvfHWr9/edit?usp=drivesdk&ouid=104901315096849762076&rtpof=true&sd=true","content_read"
"1DIYJFXA0mJVtrMSKFNaqp_ERGAgkAIaG","/2026/Teaching and Learning Programs/2. Pastures & Cropping/3.2 Soil Health and Management in Pastures and Crops.docx","3.2 Soil Health and Management in Pastures and Crops.docx","file","application/vnd.openxmlformats-officedocument.wordprocessingml.document","1800939","2026-01-28T01:06:16.000Z","1luwUV9ltRyALgIaUKaLYALqvKkOO_kzK","https://docs.google.com/document/d/1DIYJFXA0mJVtrMSKFNaqp_ERGAgkAIaG/edit?usp=drivesdk&ouid=104901315096849762076&rtpof=true&sd=true","content_read"
"1Rj2Vk0lOtbka3ThAAmihziFwsZWGWJw8","/2026/Teaching and Learning Programs/2. Pastures & Cropping/4.1 Agriculture Technology in Plant Systems.pptx","4.1 Agriculture Technology in Plant Systems.pptx","file","application/vnd.openxmlformats-officedocument.presentationml.presentation","10459360","2026-01-28T01:06:20.000Z","1luwUV9ltRyALgIaUKaLYALqvKkOO_kzK","https://docs.google.com/presentation/d/1Rj2Vk0lOtbka3ThAAmihziFwsZWGWJw8/edit?usp=drivesdk&ouid=104901315096849762076&rtpof=true&sd=true","content_read"
"1MqioOpHbhZTpGfc8p0C_svRlKEepDHQT","/2026/Teaching and Learning Programs/2. Pastures & Cropping/4.2 Agriculture Technology in Plant Systems.docx","4.2 Agriculture Technology in Plant Systems.docx","file","application/vnd.openxmlformats-officedocument.wordprocessingml.document","1801089","2026-01-28T01:06:21.000Z","1luwUV9ltRyALgIaUKaLYALqvKkOO_kzK","https://docs.google.com/document/d/1MqioOpHbhZTpGfc8p0C_svRlKEepDHQT/edit?usp=drivesdk&ouid=104901315096849762076&rtpof=true&sd=true","content_read"
"18XFwZumH6sHlE-WFwGyYbJmWH4ISM_fM","/2026/Teaching and Learning Programs/2. Pastures & Cropping/5.1 Managing Pasture Deterioration.pptx","5.1 Managing Pasture Deterioration.pptx","file","application/vnd.openxmlformats-officedocument.presentationml.presentation","26865947","2026-01-28T01:06:26.000Z","1luwUV9ltRyALgIaUKaLYALqvKkOO_kzK","https://docs.google.com/presentation/d/18XFwZumH6sHlE-WFwGyYbJmWH4ISM_fM/edit?usp=drivesdk&ouid=104901315096849762076&rtpof=true&sd=true","content_read"
"1rdghPtx0oinAIF63mvJUtC43Asd2PV9P","/2026/Teaching and Learning Programs/2. Pastures & Cropping/5.2 Managing Pasture Deterioration.docx","5.2 Managing Pasture Deterioration.docx","file","application/vnd.openxmlformats-officedocument.wordprocessingml.document","1800859","2026-01-28T01:06:26.000Z","1luwUV9ltRyALgIaUKaLYALqvKkOO_kzK","https://docs.google.com/document/d/1rdghPtx0oinAIF63mvJUtC43Asd2PV9P/edit?usp=drivesdk&ouid=104901315096849762076&rtpof=true&sd=true","content_read"
"11_X9xfyCuodLF04bmFNXV1Re49hxEFgV","/2026/Teaching and Learning Programs/2. Pastures & Cropping/6.1 Finance Analysis in Cropping.pptx","6.1 Finance Analysis in Cropping.pptx","file","application/vnd.openxmlformats-officedocument.presentationml.presentation","3241600","2026-01-28T01:06:32.000Z","1luwUV9ltRyALgIaUKaLYALqvKkOO_kzK","https://docs.google.com/presentation/d/11_X9xfyCuodLF04bmFNXV1Re49hxEFgV/edit?usp=drivesdk&ouid=104901315096849762076&rtpof=true&sd=true","content_read"
"1J0A-L1DJttzH6eyaugptycmMSvyo779I","/2026/Teaching and Learning Programs/2. Pastures & Cropping/6.2 Finance Analysis in Cropping.docx","6.2 Finance Analysis in Cropping.docx","file","application/vnd.openxmlformats-officedocument.wordprocessingml.document","1801729","2026-01-28T01:06:33.000Z","1luwUV9ltRyALgIaUKaLYALqvKkOO_kzK","https://docs.google.com/document/d/1J0A-L1DJttzH6eyaugptycmMSvyo779I/edit?usp=drivesdk&ouid=104901315096849762076&rtpof=true&sd=true","content_read"
"1Ef_zJSChqQqL2wVC6KdEZ-mr6E3hrp99","/2026/Teaching and Learning Programs/2. Pastures & Cropping/7.1 Crop Monitoring & Importance.pptx","7.1 Crop Monitoring & Importance.pptx","file","application/vnd.openxmlformats-officedocument.presentationml.presentation","46371404","2026-01-28T01:06:39.000Z","1luwUV9ltRyALgIaUKaLYALqvKkOO_kzK","https://docs.google.com/presentation/d/1Ef_zJSChqQqL2wVC6KdEZ-mr6E3hrp99/edit?usp=drivesdk&ouid=104901315096849762076&rtpof=true&sd=true","content_read"
"1-svagvXjmeDqdE3dw15mCv9Cw-4d8aLj","/2026/Teaching and Learning Programs/2. Pastures & Cropping/7.2 Crop Monitoring & Importance.docx","7.2 Crop Monitoring & Importance.docx","file","application/vnd.openxmlformats-officedocument.wordprocessingml.document","1801301","2026-01-28T01:06:48.000Z","1luwUV9ltRyALgIaUKaLYALqvKkOO_kzK","https://docs.google.com/document/d/1-svagvXjmeDqdE3dw15mCv9Cw-4d8aLj/edit?usp=drivesdk&ouid=104901315096849762076&rtpof=true&sd=true","content_read"
"1OTqqfjQYCRgSjf_P4cZ8dd7zyube2ugf","/2026/Teaching and Learning Programs/2. Pastures & Cropping/8.1 Weed, Pest and Disease Management.pptx","8.1 Weed, Pest and Disease Management.pptx","file","application/vnd.openxmlformats-officedocument.presentationml.presentation","31575001","2026-01-28T01:06:54.000Z","1luwUV9ltRyALgIaUKaLYALqvKkOO_kzK","https://docs.google.com/presentation/d/1OTqqfjQYCRgSjf_P4cZ8dd7zyube2ugf/edit?usp=drivesdk&ouid=104901315096849762076&rtpof=true&sd=true","content_read"
"1DDLfid4UC_XAAnUbF9Ridqmxnh5llehk","/2026/Teaching and Learning Programs/2. Pastures & Cropping/8.2 Weed, Pest and Disease Management.docx","8.2 Weed, Pest and Disease Management.docx","file","application/vnd.openxmlformats-officedocument.wordprocessingml.document","1800632","2026-01-28T01:06:53.000Z","1luwUV9ltRyALgIaUKaLYALqvKkOO_kzK","https://docs.google.com/document/d/1DDLfid4UC_XAAnUbF9Ridqmxnh5llehk/edit?usp=drivesdk&ouid=104901315096849762076&rtpof=true&sd=true","content_read"
"12DMWT72ziiF4uc2o9kNN_ZKzBIqKBrVA","/2026/Teaching and Learning Programs/2. Pastures & Cropping/9.1 Sustainability & Environmental Management.pptx","9.1 Sustainability & Environmental Management.pptx","file","application/vnd.openxmlformats-officedocument.presentationml.presentation","10909345","2026-01-28T01:06:56.000Z","1luwUV9ltRyALgIaUKaLYALqvKkOO_kzK","https://docs.google.com/presentation/d/12DMWT72ziiF4uc2o9kNN_ZKzBIqKBrVA/edit?usp=drivesdk&ouid=104901315096849762076&rtpof=true&sd=true","content_read"
"18_imnvu22VR41tLr_mc9_aGRuxrlGSH0","/2026/Teaching and Learning Programs/2. Pastures & Cropping/9.2 Sustainability & Environmental Management.docx","9.2 Sustainability & Environmental Management.docx","file","application/vnd.openxmlformats-officedocument.wordprocessingml.document","1800325","2026-01-28T01:06:58.000Z","1luwUV9ltRyALgIaUKaLYALqvKkOO_kzK","https://docs.google.com/document/d/18_imnvu22VR41tLr_mc9_aGRuxrlGSH0/edit?usp=drivesdk&ouid=104901315096849762076&rtpof=true&sd=true","content_read"
"1_wlFiCC6yKovhkEg6gfapyxVWZ88pYDf","/2026/Teaching and Learning Programs/3. Prime Lamb Production","3. Prime Lamb Production","folder","application/vnd.google-apps.folder","","2026-01-28T00:58:51.798Z","1fsDGq71FrHfnko_g3rlhUjQL4-1Y1EVn","https://drive.google.com/drive/folders/1_wlFiCC6yKovhkEg6gfapyxVWZ88pYDf","listed"
"1D7ErY-_eIaJytaVvqTO9_eM0PZzrrqRs","/2026/Teaching and Learning Programs/3. Prime Lamb Production/0.1 Prime Lamb Production Program.docx","0.1 Prime Lamb Production Program.docx","file","application/vnd.openxmlformats-officedocument.wordprocessingml.document","25869","2026-01-28T01:09:26.000Z","1_wlFiCC6yKovhkEg6gfapyxVWZ88pYDf","https://docs.google.com/document/d/1D7ErY-_eIaJytaVvqTO9_eM0PZzrrqRs/edit?usp=drivesdk&ouid=104901315096849762076&rtpof=true&sd=true","content_read"
"1FBy6DFci-mvcP5qg7NEPMwCzIgnvYauq","/2026/Teaching and Learning Programs/3. Prime Lamb Production/1.1 Introduction to Prime Lamb Breeding Systems.pptx","1.1 Introduction to Prime Lamb Breeding Systems.pptx","file","application/vnd.openxmlformats-officedocument.presentationml.presentation","1451686","2026-01-28T01:09:36.000Z","1_wlFiCC6yKovhkEg6gfapyxVWZ88pYDf","https://docs.google.com/presentation/d/1FBy6DFci-mvcP5qg7NEPMwCzIgnvYauq/edit?usp=drivesdk&ouid=104901315096849762076&rtpof=true&sd=true","content_read"
"1iEZm-O8hSkNb4RgNOjih8OizygdgK0x0","/2026/Teaching and Learning Programs/3. Prime Lamb Production/1.2 Introduction to Prime Lamb Breeding Systems.docx","1.2 Introduction to Prime Lamb Breeding Systems.docx","file","application/vnd.openxmlformats-officedocument.wordprocessingml.document","4444785","2026-01-28T01:09:38.000Z","1_wlFiCC6yKovhkEg6gfapyxVWZ88pYDf","https://docs.google.com/document/d/1iEZm-O8hSkNb4RgNOjih8OizygdgK0x0/edit?usp=drivesdk&ouid=104901315096849762076&rtpof=true&sd=true","content_read"
"12fer3uFRTlWsO6tgkmRu24qCZSfscZve","/2026/Teaching and Learning Programs/3. Prime Lamb Production/10.1 Farm Business & Profitability .pptx","10.1 Farm Business & Profitability .pptx","file","application/vnd.openxmlformats-officedocument.presentationml.presentation","1133968","2026-01-28T01:10:23.000Z","1_wlFiCC6yKovhkEg6gfapyxVWZ88pYDf","https://docs.google.com/presentation/d/12fer3uFRTlWsO6tgkmRu24qCZSfscZve/edit?usp=drivesdk&ouid=104901315096849762076&rtpof=true&sd=true","content_read"
"1Gyqd7nKfLfawQ35fC94LQpsncZpBMT7x","/2026/Teaching and Learning Programs/3. Prime Lamb Production/10.2 Farm Business & Profitability .docx","10.2 Farm Business & Profitability .docx","file","application/vnd.openxmlformats-officedocument.wordprocessingml.document","1720654","2026-01-28T01:10:25.000Z","1_wlFiCC6yKovhkEg6gfapyxVWZ88pYDf","https://docs.google.com/document/d/1Gyqd7nKfLfawQ35fC94LQpsncZpBMT7x/edit?usp=drivesdk&ouid=104901315096849762076&rtpof=true&sd=true","content_read"
"1u_J-Xm_QiCcOcAtM_EWRKYpZ29pMAk1M","/2026/Teaching and Learning Programs/3. Prime Lamb Production/2.1 Reproductive Technologies (AI & Embryo Transfer).pptx","2.1 Reproductive Technologies (AI & Embryo Transfer).pptx","file","application/vnd.openxmlformats-officedocument.presentationml.presentation","1357544","2026-01-28T01:09:39.000Z","1_wlFiCC6yKovhkEg6gfapyxVWZ88pYDf","https://docs.google.com/presentation/d/1u_J-Xm_QiCcOcAtM_EWRKYpZ29pMAk1M/edit?usp=drivesdk&ouid=104901315096849762076&rtpof=true&sd=true","content_read"
"1IGd0RMbA1msGKaa1RM302kI0mhE8oXDf","/2026/Teaching and Learning Programs/3. Prime Lamb Production/2.2 Reproductive Technologies (AI & Embryo Transfer).docx","2.2 Reproductive Technologies (AI & Embryo Transfer).docx","file","application/vnd.openxmlformats-officedocument.wordprocessingml.document","1720386","2026-01-28T01:09:41.000Z","1_wlFiCC6yKovhkEg6gfapyxVWZ88pYDf","https://docs.google.com/document/d/1IGd0RMbA1msGKaa1RM302kI0mhE8oXDf/edit?usp=drivesdk&ouid=104901315096849762076&rtpof=true&sd=true","content_read"
"1zJh4GjiFxtBjN7NqwAPYijpKG8Ix5a7U","/2026/Teaching and Learning Programs/3. Prime Lamb Production/3.1 Sheep Nutrition.pptx","3.1 Sheep Nutrition.pptx","file","application/vnd.openxmlformats-officedocument.presentationml.presentation","9762456","2026-01-28T01:09:45.000Z","1_wlFiCC6yKovhkEg6gfapyxVWZ88pYDf","https://docs.google.com/presentation/d/1zJh4GjiFxtBjN7NqwAPYijpKG8Ix5a7U/edit?usp=drivesdk&ouid=104901315096849762076&rtpof=true&sd=true","content_read"
"1KRXCOq87nCbVilA2YbKzoI54K2Jf8Kus","/2026/Teaching and Learning Programs/3. Prime Lamb Production/3.2 Sheep Nutrition.docx","3.2 Sheep Nutrition.docx","file","application/vnd.openxmlformats-officedocument.wordprocessingml.document","1718839","2026-01-28T01:09:45.000Z","1_wlFiCC6yKovhkEg6gfapyxVWZ88pYDf","https://docs.google.com/document/d/1KRXCOq87nCbVilA2YbKzoI54K2Jf8Kus/edit?usp=drivesdk&ouid=104901315096849762076&rtpof=true&sd=true","content_read"
"1EboPNiWy-qLoLS-PAqJSD33n_LcE7HJd","/2026/Teaching and Learning Programs/3. Prime Lamb Production/4.1 Pasture Sampling and Feed Availability.pptx","4.1 Pasture Sampling and Feed Availability.pptx","file","application/vnd.openxmlformats-officedocument.presentationml.presentation","19911679","2026-01-28T01:09:52.000Z","1_wlFiCC6yKovhkEg6gfapyxVWZ88pYDf","https://docs.google.com/presentation/d/1EboPNiWy-qLoLS-PAqJSD33n_LcE7HJd/edit?usp=drivesdk&ouid=104901315096849762076&rtpof=true&sd=true","content_read"
"14z0Kwfg-Flx-A90L_KGmAKCqccUtFAM4","/2026/Teaching and Learning Programs/3. Prime Lamb Production/4.2 Pasture Sampling and Feed Availability.docx","4.2 Pasture Sampling and Feed Availability.docx","file","application/vnd.openxmlformats-officedocument.wordprocessingml.document","1719604","2026-01-28T01:09:51.000Z","1_wlFiCC6yKovhkEg6gfapyxVWZ88pYDf","https://docs.google.com/document/d/14z0Kwfg-Flx-A90L_KGmAKCqccUtFAM4/edit?usp=drivesdk&ouid=104901315096849762076&rtpof=true&sd=true","content_read"
"CONTROLLED-ANSWER-2","/2026/[controlled answer material omitted from public release]","Controlled answer material inspected; title and identifier not published","file","controlled","","","","","content_read_not_published"
"1j36dojXaa5bI658StdJ_nGBZBuCxoPb7","/2026/Teaching and Learning Programs/3. Prime Lamb Production/5.1 Prime Lamb Management Calendar.pptx","5.1 Prime Lamb Management Calendar.pptx","file","application/vnd.openxmlformats-officedocument.presentationml.presentation","13821234","2026-01-28T01:09:57.000Z","1_wlFiCC6yKovhkEg6gfapyxVWZ88pYDf","https://docs.google.com/presentation/d/1j36dojXaa5bI658StdJ_nGBZBuCxoPb7/edit?usp=drivesdk&ouid=104901315096849762076&rtpof=true&sd=true","content_read"
"1tuUwBsJgP0LrI96rv_gscHPzGF_xckrW","/2026/Teaching and Learning Programs/3. Prime Lamb Production/5.2 Prime Lamb Management Calendar.docx","5.2 Prime Lamb Management Calendar.docx","file","application/vnd.openxmlformats-officedocument.wordprocessingml.document","1720478","2026-01-28T01:09:58.000Z","1_wlFiCC6yKovhkEg6gfapyxVWZ88pYDf","https://docs.google.com/document/d/1tuUwBsJgP0LrI96rv_gscHPzGF_xckrW/edit?usp=drivesdk&ouid=104901315096849762076&rtpof=true&sd=true","content_read"
"1pE8VZm1MBThgPy14N5ed307k-ciwfpNZ","/2026/Teaching and Learning Programs/3. Prime Lamb Production/6.1 Technology in Prime Lamb Production.pptx","6.1 Technology in Prime Lamb Production.pptx","file","application/vnd.openxmlformats-officedocument.presentationml.presentation","7836532","2026-01-28T01:10:01.000Z","1_wlFiCC6yKovhkEg6gfapyxVWZ88pYDf","https://docs.google.com/presentation/d/1pE8VZm1MBThgPy14N5ed307k-ciwfpNZ/edit?usp=drivesdk&ouid=104901315096849762076&rtpof=true&sd=true","content_read"
"1NzAio7irmviael3TBEvp1f4gpcsHD9gp","/2026/Teaching and Learning Programs/3. Prime Lamb Production/6.2 Technology in Prime Lamb Production.docx","6.2 Technology in Prime Lamb Production.docx","file","application/vnd.openxmlformats-officedocument.wordprocessingml.document","1720483","2026-01-28T01:10:04.000Z","1_wlFiCC6yKovhkEg6gfapyxVWZ88pYDf","https://docs.google.com/document/d/1NzAio7irmviael3TBEvp1f4gpcsHD9gp/edit?usp=drivesdk&ouid=104901315096849762076&rtpof=true&sd=true","content_read"
"12zThPTZmGdxj0suObS_-cnsqjV9afLm-","/2026/Teaching and Learning Programs/3. Prime Lamb Production/7.1 Genetic Engineering & Ethics.pptx","7.1 Genetic Engineering & Ethics.pptx","file","application/vnd.openxmlformats-officedocument.presentationml.presentation","5307650","2026-01-28T01:10:10.000Z","1_wlFiCC6yKovhkEg6gfapyxVWZ88pYDf","https://docs.google.com/presentation/d/12zThPTZmGdxj0suObS_-cnsqjV9afLm-/edit?usp=drivesdk&ouid=104901315096849762076&rtpof=true&sd=true","content_read"
"1CB144_BCehD92rscpuFNgn5sLdNZ1-kV","/2026/Teaching and Learning Programs/3. Prime Lamb Production/7.2 Genetic Engineering & Ethics.docx","7.2 Genetic Engineering & Ethics.docx","file","application/vnd.openxmlformats-officedocument.wordprocessingml.document","1719974","2026-01-28T01:10:12.000Z","1_wlFiCC6yKovhkEg6gfapyxVWZ88pYDf","https://docs.google.com/document/d/1CB144_BCehD92rscpuFNgn5sLdNZ1-kV/edit?usp=drivesdk&ouid=104901315096849762076&rtpof=true&sd=true","content_read"
"1lvNRAYJvSUJkL8ySfQaxCM-shmyh5xQs","/2026/Teaching and Learning Programs/3. Prime Lamb Production/8.1 Animal Welfare & Husbandry.pptx","8.1 Animal Welfare & Husbandry.pptx","file","application/vnd.openxmlformats-officedocument.presentationml.presentation","1477875","2026-01-28T01:10:14.000Z","1_wlFiCC6yKovhkEg6gfapyxVWZ88pYDf","https://docs.google.com/presentation/d/1lvNRAYJvSUJkL8ySfQaxCM-shmyh5xQs/edit?usp=drivesdk&ouid=104901315096849762076&rtpof=true&sd=true","content_read"
"1P1mzXXvmXcchYRYjAms50TEwHeWqgqxW","/2026/Teaching and Learning Programs/3. Prime Lamb Production/8.2 Animal Welfare & Husbandry.docx","8.2 Animal Welfare & Husbandry.docx","file","application/vnd.openxmlformats-officedocument.wordprocessingml.document","1719119","2026-01-28T01:10:17.000Z","1_wlFiCC6yKovhkEg6gfapyxVWZ88pYDf","https://docs.google.com/document/d/1P1mzXXvmXcchYRYjAms50TEwHeWqgqxW/edit?usp=drivesdk&ouid=104901315096849762076&rtpof=true&sd=true","content_read"
"1sMT2fGFmg6CJnYPGLDpy9j-nl8ot0SAn","/2026/Teaching and Learning Programs/3. Prime Lamb Production/9.1 WHS and Risk Assessment.pptx","9.1 WHS and Risk Assessment.pptx","file","application/vnd.openxmlformats-officedocument.presentationml.presentation","1950303","2026-01-28T01:10:19.000Z","1_wlFiCC6yKovhkEg6gfapyxVWZ88pYDf","https://docs.google.com/presentation/d/1sMT2fGFmg6CJnYPGLDpy9j-nl8ot0SAn/edit?usp=drivesdk&ouid=104901315096849762076&rtpof=true&sd=true","content_read"
"1bg9Z5VQd-zohzBpER5P8RiQoS5xGJzsb","/2026/Teaching and Learning Programs/3. Prime Lamb Production/9.2 WHS and Risk Assessment.docx","9.2 WHS and Risk Assessment.docx","file","application/vnd.openxmlformats-officedocument.wordprocessingml.document","1720152","2026-01-28T01:10:22.000Z","1_wlFiCC6yKovhkEg6gfapyxVWZ88pYDf","https://docs.google.com/document/d/1bg9Z5VQd-zohzBpER5P8RiQoS5xGJzsb/edit?usp=drivesdk&ouid=104901315096849762076&rtpof=true&sd=true","content_read"
"1wzfz6lT5kUiMsGoXLCa5sLai2AJqgTnt","/2026/Teaching and Learning Programs/4. Dairy Farming","4. Dairy Farming","folder","application/vnd.google-apps.folder","","2026-01-28T00:59:15.713Z","1fsDGq71FrHfnko_g3rlhUjQL4-1Y1EVn","https://drive.google.com/drive/folders/1wzfz6lT5kUiMsGoXLCa5sLai2AJqgTnt","listed"
"1-E4nw0eqQOx41TjKjheL101vf_vio_za","/2026/Teaching and Learning Programs/4. Dairy Farming/0.1 Dairy Farming Program.docx","0.1 Dairy Farming Program.docx","file","application/vnd.openxmlformats-officedocument.wordprocessingml.document","25797","2026-01-28T01:13:18.000Z","1wzfz6lT5kUiMsGoXLCa5sLai2AJqgTnt","https://docs.google.com/document/d/1-E4nw0eqQOx41TjKjheL101vf_vio_za/edit?usp=drivesdk&ouid=104901315096849762076&rtpof=true&sd=true","content_read"
"1CVTKSm9-zIkojfNuOu_ThHySx0VZjYPJ","/2026/Teaching and Learning Programs/4. Dairy Farming/1.1 Introduction to Dairy Farming & Breeds.pptx","1.1 Introduction to Dairy Farming & Breeds.pptx","file","application/vnd.openxmlformats-officedocument.presentationml.presentation","9690230","2026-01-28T01:14:06.000Z","1wzfz6lT5kUiMsGoXLCa5sLai2AJqgTnt","https://docs.google.com/presentation/d/1CVTKSm9-zIkojfNuOu_ThHySx0VZjYPJ/edit?usp=drivesdk&ouid=104901315096849762076&rtpof=true&sd=true","content_read"
"1RdRJZbg8ZWSFbIYb-nXc5nY01jL3djo_","/2026/Teaching and Learning Programs/4. Dairy Farming/1.2 Introduction to Dairy Farming & Breeds.docx","1.2 Introduction to Dairy Farming & Breeds.docx","file","application/vnd.openxmlformats-officedocument.wordprocessingml.document","5428198","2026-01-28T01:14:09.000Z","1wzfz6lT5kUiMsGoXLCa5sLai2AJqgTnt","https://docs.google.com/document/d/1RdRJZbg8ZWSFbIYb-nXc5nY01jL3djo_/edit?usp=drivesdk&ouid=104901315096849762076&rtpof=true&sd=true","content_read"
"1RRHPrUysaaVRugyk_sMvzMLMY__FAG7S","/2026/Teaching and Learning Programs/4. Dairy Farming/10.1 Careers in Dairy.pptx","10.1 Careers in Dairy.pptx","file","application/vnd.openxmlformats-officedocument.presentationml.presentation","18668072","2026-01-28T01:14:50.000Z","1wzfz6lT5kUiMsGoXLCa5sLai2AJqgTnt","https://docs.google.com/presentation/d/1RRHPrUysaaVRugyk_sMvzMLMY__FAG7S/edit?usp=drivesdk&ouid=104901315096849762076&rtpof=true&sd=true","content_read"
"1ey85RxPFVrlKH6kD2Vo93YNJmhDmpbpx","/2026/Teaching and Learning Programs/4. Dairy Farming/10.2 Careers in Dairy.docx","10.2 Careers in Dairy.docx","file","application/vnd.openxmlformats-officedocument.wordprocessingml.document","1854533","2026-01-28T01:14:51.000Z","1wzfz6lT5kUiMsGoXLCa5sLai2AJqgTnt","https://docs.google.com/document/d/1ey85RxPFVrlKH6kD2Vo93YNJmhDmpbpx/edit?usp=drivesdk&ouid=104901315096849762076&rtpof=true&sd=true","content_read"
"1sXioSmDblAZByQ9rvWRlbALR2oxFd7Xg","/2026/Teaching and Learning Programs/4. Dairy Farming/2.1 Anatomy of the Dairy Cow .pptx","2.1 Anatomy of the Dairy Cow .pptx","file","application/vnd.openxmlformats-officedocument.presentationml.presentation","7267386","2026-01-28T01:14:10.000Z","1wzfz6lT5kUiMsGoXLCa5sLai2AJqgTnt","https://docs.google.com/presentation/d/1sXioSmDblAZByQ9rvWRlbALR2oxFd7Xg/edit?usp=drivesdk&ouid=104901315096849762076&rtpof=true&sd=true","content_read"
"1oYXheETFHdQe7ylyq7nYCTUx-Fgh_GKv","/2026/Teaching and Learning Programs/4. Dairy Farming/2.2 Anatomy of the Dairy Cow.docx","2.2 Anatomy of the Dairy Cow.docx","file","application/vnd.openxmlformats-officedocument.wordprocessingml.document","2187702","2026-01-28T01:14:12.000Z","1wzfz6lT5kUiMsGoXLCa5sLai2AJqgTnt","https://docs.google.com/document/d/1oYXheETFHdQe7ylyq7nYCTUx-Fgh_GKv/edit?usp=drivesdk&ouid=104901315096849762076&rtpof=true&sd=true","content_read"
"1fxDbtaP3Z8ZW25hFgvCCbI27Ht2Cjv1D","/2026/Teaching and Learning Programs/4. Dairy Farming/3.1 Milk Processing & Marketing.pptx","3.1 Milk Processing & Marketing.pptx","file","application/vnd.openxmlformats-officedocument.presentationml.presentation","10899834","2026-01-28T01:14:16.000Z","1wzfz6lT5kUiMsGoXLCa5sLai2AJqgTnt","https://docs.google.com/presentation/d/1fxDbtaP3Z8ZW25hFgvCCbI27Ht2Cjv1D/edit?usp=drivesdk&ouid=104901315096849762076&rtpof=true&sd=true","content_read"
"1l7GhtX0705BUje10V0wHZ0QK7BJhHzs-","/2026/Teaching and Learning Programs/4. Dairy Farming/3.2 Milk Processing & Marketing.docx","3.2 Milk Processing & Marketing.docx","file","application/vnd.openxmlformats-officedocument.wordprocessingml.document","1855265","2026-01-28T01:14:18.000Z","1wzfz6lT5kUiMsGoXLCa5sLai2AJqgTnt","https://docs.google.com/document/d/1l7GhtX0705BUje10V0wHZ0QK7BJhHzs-/edit?usp=drivesdk&ouid=104901315096849762076&rtpof=true&sd=true","content_read"
"1fj3r1I8kMMMmq1BriFuASr6O1nbAi6I0","/2026/Teaching and Learning Programs/4. Dairy Farming/4.1 Australian Dairy Industry & Deregulation.pptx","4.1 Australian Dairy Industry & Deregulation.pptx","file","application/vnd.openxmlformats-officedocument.presentationml.presentation","6952632","2026-01-28T01:14:20.000Z","1wzfz6lT5kUiMsGoXLCa5sLai2AJqgTnt","https://docs.google.com/presentation/d/1fj3r1I8kMMMmq1BriFuASr6O1nbAi6I0/edit?usp=drivesdk&ouid=104901315096849762076&rtpof=true&sd=true","content_read"
"1p99bzWwn74VN5joM2Z7HsmICdWdbtP8B","/2026/Teaching and Learning Programs/4. Dairy Farming/4.2 Australian Dairy Industry & Deregulation.docx","4.2 Australian Dairy Industry & Deregulation.docx","file","application/vnd.openxmlformats-officedocument.wordprocessingml.document","2550734","2026-01-28T01:14:22.000Z","1wzfz6lT5kUiMsGoXLCa5sLai2AJqgTnt","https://docs.google.com/document/d/1p99bzWwn74VN5joM2Z7HsmICdWdbtP8B/edit?usp=drivesdk&ouid=104901315096849762076&rtpof=true&sd=true","content_read"
"1uCxc9RV3mpqAgQ8S8nf61hZi64Vs5vAZ","/2026/Teaching and Learning Programs/4. Dairy Farming/5.1 Female Reproductive Anatomy.pptx","5.1 Female Reproductive Anatomy.pptx","file","application/vnd.openxmlformats-officedocument.presentationml.presentation","6354262","2026-01-28T01:14:24.000Z","1wzfz6lT5kUiMsGoXLCa5sLai2AJqgTnt","https://docs.google.com/presentation/d/1uCxc9RV3mpqAgQ8S8nf61hZi64Vs5vAZ/edit?usp=drivesdk&ouid=104901315096849762076&rtpof=true&sd=true","content_read"
"1WPfcsEnBWC6aBGrcYxJhQtQ0exi9SPE3","/2026/Teaching and Learning Programs/4. Dairy Farming/5.2 Female Reproductive Anatomy.docx","5.2 Female Reproductive Anatomy.docx","file","application/vnd.openxmlformats-officedocument.wordprocessingml.document","2341917","2026-01-28T01:14:27.000Z","1wzfz6lT5kUiMsGoXLCa5sLai2AJqgTnt","https://docs.google.com/document/d/1WPfcsEnBWC6aBGrcYxJhQtQ0exi9SPE3/edit?usp=drivesdk&ouid=104901315096849762076&rtpof=true&sd=true","content_read"
"1iA1wOwsSUs_QCXHqG16s5WW7dDgVDTCM","/2026/Teaching and Learning Programs/4. Dairy Farming/6.1 Hormones & the Oestrous Cycle.pptx","6.1 Hormones & the Oestrous Cycle.pptx","file","application/vnd.openxmlformats-officedocument.presentationml.presentation","7298063","2026-01-28T01:14:30.000Z","1wzfz6lT5kUiMsGoXLCa5sLai2AJqgTnt","https://docs.google.com/presentation/d/1iA1wOwsSUs_QCXHqG16s5WW7dDgVDTCM/edit?usp=drivesdk&ouid=104901315096849762076&rtpof=true&sd=true","content_read"
"1mkM6ekcP8oAM3438nTeDcPRb3jc3iPQW","/2026/Teaching and Learning Programs/4. Dairy Farming/6.2 Hormones & the Oestrous Cycle.docx","6.2 Hormones & the Oestrous Cycle.docx","file","application/vnd.openxmlformats-officedocument.wordprocessingml.document","1961184","2026-01-28T01:14:32.000Z","1wzfz6lT5kUiMsGoXLCa5sLai2AJqgTnt","https://docs.google.com/document/d/1mkM6ekcP8oAM3438nTeDcPRb3jc3iPQW/edit?usp=drivesdk&ouid=104901315096849762076&rtpof=true&sd=true","content_read"
"1OAlPoEbdBRR_qemILSu2S4mSNbcx3yW-","/2026/Teaching and Learning Programs/4. Dairy Farming/7.1 Male Reproductive Anatomy .pptx","7.1 Male Reproductive Anatomy .pptx","file","application/vnd.openxmlformats-officedocument.presentationml.presentation","7189439","2026-01-28T01:14:34.000Z","1wzfz6lT5kUiMsGoXLCa5sLai2AJqgTnt","https://docs.google.com/presentation/d/1OAlPoEbdBRR_qemILSu2S4mSNbcx3yW-/edit?usp=drivesdk&ouid=104901315096849762076&rtpof=true&sd=true","content_read"
"1LKvmhUwC0Ds-5Zv12E59ddF3YgKtc5iq","/2026/Teaching and Learning Programs/4. Dairy Farming/7.2 Male Reproductive Anatomy .docx","7.2 Male Reproductive Anatomy .docx","file","application/vnd.openxmlformats-officedocument.wordprocessingml.document","2890768","2026-01-28T01:14:36.000Z","1wzfz6lT5kUiMsGoXLCa5sLai2AJqgTnt","https://docs.google.com/document/d/1LKvmhUwC0Ds-5Zv12E59ddF3YgKtc5iq/edit?usp=drivesdk&ouid=104901315096849762076&rtpof=true&sd=true","content_read"
"1n85m5YMiV8ERVLMONcKKf-i3mJB328tv","/2026/Teaching and Learning Programs/4. Dairy Farming/8.1 The Mammary System.pptx","8.1 The Mammary System.pptx","file","application/vnd.openxmlformats-officedocument.presentationml.presentation","18219525","2026-01-28T01:14:41.000Z","1wzfz6lT5kUiMsGoXLCa5sLai2AJqgTnt","https://docs.google.com/presentation/d/1n85m5YMiV8ERVLMONcKKf-i3mJB328tv/edit?usp=drivesdk&ouid=104901315096849762076&rtpof=true&sd=true","content_read"
"18NmsMkXYs48PgBWhaVQqmnLiLvCUXEeE","/2026/Teaching and Learning Programs/4. Dairy Farming/8.2 The Mammary System.docx","8.2 The Mammary System.docx","file","application/vnd.openxmlformats-officedocument.wordprocessingml.document","3057455","2026-01-28T01:14:42.000Z","1wzfz6lT5kUiMsGoXLCa5sLai2AJqgTnt","https://docs.google.com/document/d/18NmsMkXYs48PgBWhaVQqmnLiLvCUXEeE/edit?usp=drivesdk&ouid=104901315096849762076&rtpof=true&sd=true","content_read"
"1O6am8Bu8eOTeSOdk_hGf5lQJaxXBfhkG","/2026/Teaching and Learning Programs/4. Dairy Farming/9.1 Production Cycle & Emerging Technologies .pptx","9.1 Production Cycle & Emerging Technologies .pptx","file","application/vnd.openxmlformats-officedocument.presentationml.presentation","8344387","2026-01-28T01:14:44.000Z","1wzfz6lT5kUiMsGoXLCa5sLai2AJqgTnt","https://docs.google.com/presentation/d/1O6am8Bu8eOTeSOdk_hGf5lQJaxXBfhkG/edit?usp=drivesdk&ouid=104901315096849762076&rtpof=true&sd=true","content_read"
"1upczRahfU8mvbD05kmCg_eCr6qQoece5","/2026/Teaching and Learning Programs/4. Dairy Farming/9.2 Production Cycle & Emerging Technologies .docx","9.2 Production Cycle & Emerging Technologies .docx","file","application/vnd.openxmlformats-officedocument.wordprocessingml.document","1855819","2026-01-28T01:14:46.000Z","1wzfz6lT5kUiMsGoXLCa5sLai2AJqgTnt","https://docs.google.com/document/d/1upczRahfU8mvbD05kmCg_eCr6qQoece5/edit?usp=drivesdk&ouid=104901315096849762076&rtpof=true&sd=true","content_read"
